{
  "Set Local Environment Vars": 2,
  "Tags": [],
  "Ansi 12 Color": {
    "Green Component": 0.81066548824310303,
    "Red Component": 0.43880558013916016,
    "Blue Component": 0.99898606538772583
  },
  "Use Non-ASCII Font": false,
  "Draw Powerline Glyphs": true,
  "Bold Color": {
    "Red Component": 0.25490196078431371,
    "Color Space": "sRGB",
    "Blue Component": 0.93725490196078431,
    "Alpha Component": 1,
    "Green Component": 0.58823529411764708
  },
  "Ansi 6 Color": {
    "Green Component": 1,
    "Red Component": 0.34860008955001831,
    "Blue Component": 0.82062870264053345
  },
  "Normal Font": "MesloLGS-NF-Regular 15",
  "Horizontal Spacing": 1,
  "Rows": 40,
  "Default Bookmark": "No",
  "Link Color": {
    "Red Component": 0.25490196078431371,
    "Color Space": "sRGB",
    "Blue Component": 0.93725490196078431,
    "Alpha Component": 1,
    "Green Component": 0.58823529411764708
  },
  "Ansi 2 Color": {
    "Red Component": 0.05934426560997963,
    "Color Space": "sRGB",
    "Blue Component": 0.46144760855318978,
    "Alpha Component": 1,
    "Green Component": 0.742919921875
  },
  "Cursor Guide Color": {
    "Red Component": 0.70213186740875244,
    "Color Space": "sRGB",
    "Blue Component": 1,
    "Alpha Component": 0.25,
    "Green Component": 0.9268307089805603
  },
  "Non-ASCII Anti Aliased": true,
  "Use Bright Bold": true,
  "Ansi 10 Color": {
    "Green Component": 0.96712285280227661,
    "Red Component": 0.67800694704055786,
    "Blue Component": 0.74659085273742676
  },
  "Ambiguous Double Width": false,
  "Jobs to Ignore": ["rlogin", "ssh", "slogin", "telnet"],
  "Ansi 15 Color": {
    "Red Component": 0.690948486328125,
    "Color Space": "sRGB",
    "Blue Component": 0.690948486328125,
    "Alpha Component": 1,
    "Green Component": 0.690948486328125
  },
  "Foreground Color": {
    "Green Component": 0.92142927646636963,
    "Red Component": 0.90730977058410645,
    "Blue Component": 0.93115901947021484
  },
  "Working Directory": "/",
  "Blinking Cursor": false,
  "Disable Window Resizing": true,
  "Sync Title": false,
  "Prompt Before Closing 2": false,
  "BM Growl": true,
  "Command": "",
  "Description": "Default",
  "Mouse Reporting": true,
  "Screen": -1,
  "Selection Color": {
    "Red Component": 0.24705882352941178,
    "Color Space": "sRGB",
    "Blue Component": 0.27058823529411763,
    "Alpha Component": 1,
    "Green Component": 0.25882352941176473
  },
  "Initial Use Transparency": true,
  "Only The Default BG Color Uses Transparency": true,
  "Columns": 172,
  "Idle Code": 0,
  "Ansi 13 Color": {
    "Green Component": 0.40164706110954285,
    "Red Component": 0.9887651801109314,
    "Blue Component": 0.60766077041625977
  },
  "Title Components": 2,
  "Brighten Bold Text": true,
  "Custom Command": "No",
  "ASCII Anti Aliased": true,
  "Custom Locale": "en_US.UTF-8",
  "Non Ascii Font": "Monaco 12",
  "Vertical Spacing": 1.2,
  "Use Bold Font": true,
  "Option Key Sends": 0,
  "Selected Text Color": {
    "Red Component": 0.81960784313725488,
    "Color Space": "sRGB",
    "Blue Component": 0.82745098039215681,
    "Alpha Component": 1,
    "Green Component": 0.82352941176470584
  },
  "Background Color": {
    "Red Component": 0.10196078431372549,
    "Color Space": "sRGB",
    "Blue Component": 0.12941176470588237,
    "Alpha Component": 1,
    "Green Component": 0.11372549019607843
  },
  "Character Encoding": 4,
  "Ansi 11 Color": {
    "Green Component": 0.88262283802032471,
    "Red Component": 0.99765938520431519,
    "Blue Component": 0.42511638998985291
  },
  "Use Italic Font": true,
  "Unlimited Scrollback": false,
  "Keyboard Map": {
    "0xf700-0x260000": {
      "Text": "[1;6A",
      "Action": 10
    },
    "0x37-0x40000": {
      "Text": "0x1f",
      "Action": 11
    },
    "0x32-0x40000": {
      "Text": "0x00",
      "Action": 11
    },
    "0xf709-0x20000": {
      "Text": "[17;2~",
      "Action": 10
    },
    "0xf70c-0x20000": {
      "Text": "[20;2~",
      "Action": 10
    },
    "0xf729-0x20000": {
      "Text": "[1;2H",
      "Action": 10
    },
    "0xf72b-0x40000": {
      "Text": "[1;5F",
      "Action": 10
    },
    "0xf705-0x20000": {
      "Text": "[1;2Q",
      "Action": 10
    },
    "0xf703-0x260000": {
      "Text": "[1;6C",
      "Action": 10
    },
    "0xf700-0x220000": {
      "Text": "[1;2A",
      "Action": 10
    },
    "0xf701-0x280000": {
      "Text": "0x1b 0x1b 0x5b 0x42",
      "Action": 11
    },
    "0x38-0x40000": {
      "Text": "0x7f",
      "Action": 11
    },
    "0x33-0x40000": {
      "Text": "0x1b",
      "Action": 11
    },
    "0xf703-0x220000": {
      "Text": "[1;2C",
      "Action": 10
    },
    "0xf701-0x240000": {
      "Text": "[1;5B",
      "Action": 10
    },
    "0xf70d-0x20000": {
      "Text": "[21;2~",
      "Action": 10
    },
    "0xf702-0x260000": {
      "Text": "[1;6D",
      "Action": 10
    },
    "0xf729-0x40000": {
      "Text": "[1;5H",
      "Action": 10
    },
    "0xf706-0x20000": {
      "Text": "[1;2R",
      "Action": 10
    },
    "0x34-0x40000": {
      "Text": "0x1c",
      "Action": 11
    },
    "0xf700-0x280000": {
      "Text": "0x1b 0x1b 0x5b 0x41",
      "Action": 11
    },
    "0x2d-0x40000": {
      "Text": "0x1f",
      "Action": 11
    },
    "0xf70e-0x20000": {
      "Text": "[23;2~",
      "Action": 10
    },
    "0xf702-0x220000": {
      "Text": "[1;2D",
      "Action": 10
    },
    "0xf703-0x280000": {
      "Text": "0x1b 0x1b 0x5b 0x43",
      "Action": 11
    },
    "0xf700-0x240000": {
      "Text": "[1;5A",
      "Action": 10
    },
    "0xf707-0x20000": {
      "Text": "[1;2S",
      "Action": 10
    },
    "0xf70a-0x20000": {
      "Text": "[18;2~",
      "Action": 10
    },
    "0x35-0x40000": {
      "Text": "0x1d",
      "Action": 11
    },
    "0xf70f-0x20000": {
      "Text": "[24;2~",
      "Action": 10
    },
    "0xf703-0x240000": {
      "Text": "[1;5C",
      "Action": 10
    },
    "0xf701-0x260000": {
      "Text": "[1;6B",
      "Action": 10
    },
    "0xf702-0x280000": {
      "Text": "0x1b 0x1b 0x5b 0x44",
      "Action": 11
    },
    "0xf72b-0x20000": {
      "Text": "[1;2F",
      "Action": 10
    },
    "0x36-0x40000": {
      "Text": "0x1e",
      "Action": 11
    },
    "0xf708-0x20000": {
      "Text": "[15;2~",
      "Action": 10
    },
    "0xf701-0x220000": {
      "Text": "[1;2B",
      "Action": 10
    },
    "0xf70b-0x20000": {
      "Text": "[19;2~",
      "Action": 10
    },
    "0xf702-0x240000": {
      "Text": "[1;5D",
      "Action": 10
    },
    "0xf704-0x20000": {
      "Text": "[1;2P",
      "Action": 10
    }
  },
  "Window Type": 0,
  "Background Image Location": "",
  "Blur": false,
  "Badge Color": {
    "Red Component": 1,
    "Color Space": "sRGB",
    "Blue Component": 0,
    "Alpha Component": 0.5,
    "Green Component": 0.1491314172744751
  },
  "Scrollback Lines": 1000,
  "Send Code When Idle": false,
  "Close Sessions On End": true,
  "Terminal Type": "xterm-256color",
  "Visual Bell": true,
  "Flashing Bell": false,
  "Silence Bell": true,
  "Use Underline Color": true,
  "Ansi 14 Color": {
    "Red Component": 0.25591314025223255,
    "Color Space": "sRGB",
    "Blue Component": 0.94000244140625,
    "Alpha Component": 1,
    "Green Component": 0.59195700748578484
  },
  "Name": "Custom",
  "Cursor Text Color": {
    "Green Component": 0,
    "Red Component": 0,
    "Blue Component": 0
  },
  "Minimum Contrast": 0,
  "Shortcut": "",
  "Cursor Color": {
    "Green Component": 0.91671288013458252,
    "Red Component": 0.91654461622238159,
    "Blue Component": 0.91648769378662109
  },
  "Ansi 0 Color": {
    "Green Component": 0.35616019368171692,
    "Red Component": 0.26286587119102478,
    "Blue Component": 0.40253299474716187
  },
  "Guid": "8DE22A17-99CB-407E-A5E4-6CC73345267D",
  "Custom Directory": "Recycle",
  "Ansi 3 Color": {
    "Green Component": 0.81672251224517822,
    "Red Component": 0.99627053737640381,